"","motif","group","OE.ratio"
"1","ACGA","YANG.YIN",0.457656191204551
"2","ACGC","YANG.YIN",0.500772166664214
"3","ACGG","YANG.YIN",0.52104356681269
"4","ACGT","YANG.YIN",0.277128906233326
"5","CCGA","YANG.YIN",0.712450345623954
"6","CCGC","YANG.YIN",0.667991712018975
"7","CCGG","YANG.YIN",0.664213281680615
"8","CCGT","YANG.YIN",0.813246116340434
"9","GCGA","YANG.YIN",0.711634220093529
"10","GCGC","YANG.YIN",0.633111803756681
"11","GCGG","YANG.YIN",0.529261679736907
"12","GCGT","YANG.YIN",0.399399423542611
"13","TCGA","YANG.YIN",0.644247937736664
"14","TCGC","YANG.YIN",0.670972125005925
"15","TCGG","YANG.YIN",0.660422557204226
"16","TCGT","YANG.YIN",0.671352720913659
"17","ACGA","YANG.OTHER",0.545262111062815
"18","ACGC","YANG.OTHER",0.553017198529773
"19","ACGG","YANG.OTHER",0.663014249060207
"20","ACGT","YANG.OTHER",0.368324363212004
"21","CCGA","YANG.OTHER",0.602334390544364
"22","CCGC","YANG.OTHER",0.716431626535662
"23","CCGG","YANG.OTHER",0.714780035316817
"24","CCGT","YANG.OTHER",0.817412434179433
"25","GCGA","YANG.OTHER",0.677594666732499
"26","GCGC","YANG.OTHER",0.787722599130394
"27","GCGG","YANG.OTHER",0.910476493759964
"28","GCGT","YANG.OTHER",0.389522235671164
"29","TCGA","YANG.OTHER",0.519666560977476
"30","TCGC","YANG.OTHER",0.770168350990679
"31","TCGG","YANG.OTHER",0.539224916131965
"32","TCGT","YANG.OTHER",0.754417527949228
"33","ACGA","YIN.OTHER",1.1914229973109
"34","ACGC","YIN.OTHER",1.10432894506414
"35","ACGG","YIN.OTHER",1.27247372636414
"36","ACGT","YIN.OTHER",1.32907233755651
"37","CCGA","YIN.OTHER",0.845440519811732
"38","CCGC","YIN.OTHER",1.07251574180506
"39","CCGG","YIN.OTHER",1.0761302958415
"40","CCGT","YIN.OTHER",1.00512307130066
"41","GCGA","YIN.OTHER",0.95216706504564
"42","GCGC","YIN.OTHER",1.24420772832903
"43","GCGG","YIN.OTHER",1.720276620466
"44","GCGT","YIN.OTHER",0.975269899531057
"45","TCGA","YIN.OTHER",0.806625105860859
"46","TCGC","YIN.OTHER",1.14783956335575
"47","TCGG","YIN.OTHER",0.816484703997198
"48","TCGT","YIN.OTHER",1.12372751974927
