"","motif","OE.ratio"
"1","ACGA",0.277979466666667
"2","ACGC",0.287498133333333
"3","ACGG",0.305322633333333
"4","ACGT",0.151485366666667
"5","CCGA",0.314805233333333
"6","CCGC",0.60349095
"7","CCGG",0.427474516666667
"8","CCGT",0.309834266666667
"9","GCGA",0.3460993
"10","GCGC",0.60241905
"11","GCGG",0.507532166666667
"12","GCGT",0.1713907
"13","TCGA",0.1693766
"14","TCGC",0.384418566666667
"15","TCGG",0.256161333333333
"16","TCGT",0.20176165
